crawled_datetime,url,product_name,title,price,price_changed_flag
20201129_102215,https://www.amazon.com/Kindle-Now-with-Built-in-Front-Light/dp/B07978J597,Kindle Reader,Kindle - Now with a Built-in Front Light - Black - Ad-Supported,59.99,0
20201129_102218,https://www.amazon.com/Apple-AirPods-Charging-Latest-Model/dp/B07PXGQC1Q,Airpods,Apple AirPods with Charging Case (Wired),109.99,0
20201129_102220,https://www.amazon.com/dp/B08J5MK16F/ref=fs_a_wt2_us1?th=1,Apple Watch Series 6,"New Apple Watch Series 6 (GPS, 44mm) - (PRODUCT)RED - Aluminum Case with (PRODUCT)RED﻿ - Sport Band",409.0,0
20201129_102256,https://www.amazon.com/Kindle-Now-with-Built-in-Front-Light/dp/B07978J597,Kindle Reader,Kindle - Now with a Built-in Front Light - Black - Ad-Supported,59.99,0
20201129_102259,https://www.amazon.com/Apple-AirPods-Charging-Latest-Model/dp/B07PXGQC1Q,Airpods,Apple AirPods with Charging Case (Wired),109.99,0
20201129_102303,https://www.amazon.com/dp/B08J5MK16F/ref=fs_a_wt2_us1?th=1,Apple Watch Series 6,"New Apple Watch Series 6 (GPS, 44mm) - (PRODUCT)RED - Aluminum Case with (PRODUCT)RED﻿ - Sport Band",409.0,0
20201129_103121,https://www.amazon.com/Kindle-Now-with-Built-in-Front-Light/dp/B07978J597,Kindle Reader,Kindle - Now with a Built-in Front Light - Black - Ad-Supported,59.99,0
20201129_103125,https://www.amazon.com/Apple-AirPods-Charging-Latest-Model/dp/B07PXGQC1Q,Airpods,Apple AirPods with Charging Case (Wired),109.99,0
20201129_103130,https://www.amazon.com/dp/B08J5MK16F/ref=fs_a_wt2_us1?th=1,Apple Watch Series 6,"New Apple Watch Series 6 (GPS, 44mm) - (PRODUCT)RED - Aluminum Case with (PRODUCT)RED﻿ - Sport Band",409.0,0
20201129_104747,https://www.amazon.com/Kindle-Now-with-Built-in-Front-Light/dp/B07978J597,Kindle Reader,Kindle - Now with a Built-in Front Light - Black - Ad-Supported,59.99,0
20201129_104752,https://www.amazon.com/Apple-AirPods-Charging-Latest-Model/dp/B07PXGQC1Q,Airpods,Apple AirPods with Charging Case (Wired),109.99,0
20201129_104754,https://www.amazon.com/dp/B08J5MK16F/ref=fs_a_wt2_us1?th=1,Apple Watch Series 6,"New Apple Watch Series 6 (GPS, 44mm) - (PRODUCT)RED - Aluminum Case with (PRODUCT)RED﻿ - Sport Band",409.0,0
20201129_104826,https://www.amazon.com/Kindle-Now-with-Built-in-Front-Light/dp/B07978J597,Kindle Reader,Kindle - Now with a Built-in Front Light - Black - Ad-Supported,59.99,0
20201129_104831,https://www.amazon.com/Apple-AirPods-Charging-Latest-Model/dp/B07PXGQC1Q,Airpods,Apple AirPods with Charging Case (Wired),109.99,0
20201129_104834,https://www.amazon.com/dp/B08J5MK16F/ref=fs_a_wt2_us1?th=1,Apple Watch Series 6,"New Apple Watch Series 6 (GPS, 44mm) - (PRODUCT)RED - Aluminum Case with (PRODUCT)RED﻿ - Sport Band",409.0,0
20201129_104951,https://www.amazon.com/Kindle-Now-with-Built-in-Front-Light/dp/B07978J597,Kindle Reader,Kindle - Now with a Built-in Front Light - Black - Ad-Supported,59.99,0
20201129_104958,https://www.amazon.com/Apple-AirPods-Charging-Latest-Model/dp/B07PXGQC1Q,Airpods,Apple AirPods with Charging Case (Wired),109.99,0
20201129_105001,https://www.amazon.com/dp/B08J5MK16F/ref=fs_a_wt2_us1?th=1,Apple Watch Series 6,"New Apple Watch Series 6 (GPS, 44mm) - (PRODUCT)RED - Aluminum Case with (PRODUCT)RED﻿ - Sport Band",409.0,0
20201201_145012,https://www.amazon.com/Kindle-Now-with-Built-in-Front-Light/dp/B07978J597,Kindle Reader,Kindle - Now with a Built-in Front Light - Black - Ad-Supported,89.99,1
20201201_145017,https://www.amazon.com/Apple-AirPods-Charging-Latest-Model/dp/B07PXGQC1Q,Airpods,Apple AirPods with Charging Case (Wired),Not Found,1
20201201_145021,https://www.amazon.com/dp/B08J5MK16F/ref=fs_a_wt2_us1?th=1,Apple Watch Series 6,"New Apple Watch Series 6 (GPS, 44mm) - (PRODUCT)RED - Aluminum Case with (PRODUCT)RED﻿ - Sport Band",409.0,0
20201202_092741,https://www.amazon.com/Kindle-Now-with-Built-in-Front-Light/dp/B07978J597,Kindle Reader,Kindle - Now with a Built-in Front Light - Black - Ad-Supported,89.99,1
20201202_092748,https://www.amazon.com/Apple-AirPods-Charging-Latest-Model/dp/B07PXGQC1Q,Airpods,Apple AirPods with Charging Case (Wired),Not Found,0
20201202_092752,https://www.amazon.com/dp/B08J5MK16F/ref=fs_a_wt2_us1?th=1,Apple Watch Series 6,"New Apple Watch Series 6 (GPS, 44mm) - Space Gray Aluminum Case with Black Sport Band",409.0,1
20201202_095628,https://www.amazon.com/Kindle-Now-with-Built-in-Front-Light/dp/B07978J597,Kindle Reader,Kindle - Now with a Built-in Front Light - Black - Ad-Supported,89.99,1
20201202_095633,https://www.amazon.com/Apple-AirPods-Charging-Latest-Model/dp/B07PXGQC1Q,Airpods,Apple AirPods with Charging Case (Wired),Not Found,0
20201202_095636,https://www.amazon.com/dp/B08J5MK16F/ref=fs_a_wt2_us1?th=1,Apple Watch Series 6,"New Apple Watch Series 6 (GPS, 44mm) - Space Gray Aluminum Case with Black Sport Band",414.0,1
20201205_114600,https://www.amazon.com/Kindle-Now-with-Built-in-Front-Light/dp/B07978J597,Kindle Reader,"Kindle - Now with a Built-in Front Light - Black - Ad-Supported (2019 release, 9th Gen)",89.99,1
20201205_114603,https://www.amazon.com/Apple-AirPods-Charging-Latest-Model/dp/B07PXGQC1Q,Airpods,Apple AirPods with Charging Case (Wired),128.98,0
20201205_114607,https://www.amazon.com/dp/B08J5MK16F/ref=fs_a_wt2_us1?th=1,Apple Watch Series 6,"New Apple Watch Series 6 (GPS, 44mm) - Space Gray Aluminum Case with Black Sport Band",414.0,1
20201205_114610,https://www.amazon.com/Bose-SoundLink-Micro-Bluetooth-speaker/dp/B0748N1BZD,Bose SoundLink Micro,"Bose SoundLink Micro, Portable Outdoor Speaker, (Wireless Bluetooth Connectivity), Black",99.0,0
20201205_114612,https://www.amazon.com/Bose-SoundLink-Color-Bluetooth-speaker/dp/B01HETFPTU,Bose SoundLink Color,Bose SoundLink Color Bluetooth Speaker II - Coral Red,129.0,0
20201205_114704,https://www.amazon.com/Kindle-Now-with-Built-in-Front-Light/dp/B07978J597,Kindle Reader,"Kindle - Now with a Built-in Front Light - Black - Ad-Supported (2019 release, 9th Gen)",89.99,1
20201205_114709,https://www.amazon.com/Apple-AirPods-Charging-Latest-Model/dp/B07PXGQC1Q,Airpods,Apple AirPods with Charging Case (Wired),128.98,1
20201205_114714,https://www.amazon.com/dp/B08J5MK16F/ref=fs_a_wt2_us1?th=1,Apple Watch Series 6,"New Apple Watch Series 6 (GPS, 44mm) - Space Gray Aluminum Case with Black Sport Band",414.0,1
20201205_114719,https://www.amazon.com/Bose-SoundLink-Micro-Bluetooth-speaker/dp/B0748N1BZD,Bose SoundLink Micro,"Bose SoundLink Micro, Portable Outdoor Speaker, (Wireless Bluetooth Connectivity), Black",99.0,1
20201205_114725,https://www.amazon.com/Bose-SoundLink-Color-Bluetooth-speaker/dp/B01HETFPTU,Bose SoundLink Color,Bose SoundLink Color Bluetooth Speaker II - Coral Red,129.0,1
20201205_114809,https://www.amazon.com/Kindle-Now-with-Built-in-Front-Light/dp/B07978J597,Kindle Reader,"Kindle - Now with a Built-in Front Light - Black - Ad-Supported (2019 release, 9th Gen)",89.99,1
20201205_114815,https://www.amazon.com/Apple-AirPods-Charging-Latest-Model/dp/B07PXGQC1Q,Airpods,Apple AirPods with Charging Case (Wired),128.98,1
20201205_114820,https://www.amazon.com/dp/B08J5MK16F/ref=fs_a_wt2_us1?th=1,Apple Watch Series 6,"New Apple Watch Series 6 (GPS, 44mm) - Space Gray Aluminum Case with Black Sport Band",414.0,1
20201205_114825,https://www.amazon.com/Bose-SoundLink-Micro-Bluetooth-speaker/dp/B0748N1BZD,Bose SoundLink Micro,"Bose SoundLink Micro, Portable Outdoor Speaker, (Wireless Bluetooth Connectivity), Black",99.0,1
20201205_114831,https://www.amazon.com/Bose-SoundLink-Color-Bluetooth-speaker/dp/B01HETFPTU,Bose SoundLink Color,Bose SoundLink Color Bluetooth Speaker II - Coral Red,129.0,1
20201205_115111,https://www.amazon.com/Kindle-Now-with-Built-in-Front-Light/dp/B07978J597,Kindle Reader,"Kindle - Now with a Built-in Front Light - Black - Ad-Supported (2019 release, 9th Gen)",89.99,0
20201205_115114,https://www.amazon.com/Apple-AirPods-Charging-Latest-Model/dp/B07PXGQC1Q,Airpods,Apple AirPods with Charging Case (Wired),128.98,0
20201205_115117,https://www.amazon.com/dp/B08J5MK16F/ref=fs_a_wt2_us1?th=1,Apple Watch Series 6,"New Apple Watch Series 6 (GPS, 44mm) - Space Gray Aluminum Case with Black Sport Band",414.0,0
20201205_115121,https://www.amazon.com/Bose-SoundLink-Micro-Bluetooth-speaker/dp/B0748N1BZD,Bose SoundLink Micro,"Bose SoundLink Micro, Portable Outdoor Speaker, (Wireless Bluetooth Connectivity), Black",99.0,0
20201205_115127,https://www.amazon.com/Bose-SoundLink-Color-Bluetooth-speaker/dp/B01HETFPTU,Bose SoundLink Color,Bose SoundLink Color Bluetooth Speaker II - Coral Red,129.0,0
20201205_115821,https://www.amazon.com/Kindle-Now-with-Built-in-Front-Light/dp/B07978J597,Kindle Reader,"Kindle - Now with a Built-in Front Light - Black - Ad-Supported (2019 release, 9th Gen)",89,1
20201205_115824,https://www.amazon.com/Apple-AirPods-Charging-Latest-Model/dp/B07PXGQC1Q,Airpods,Apple AirPods with Charging Case (Wired),128,1
20201205_115828,https://www.amazon.com/dp/B08J5MK16F/ref=fs_a_wt2_us1?th=1,Apple Watch Series 6,"New Apple Watch Series 6 (GPS, 44mm) - Space Gray Aluminum Case with Black Sport Band",414,1
20201205_115834,https://www.amazon.com/Bose-SoundLink-Micro-Bluetooth-speaker/dp/B0748N1BZD,Bose SoundLink Micro,"Bose SoundLink Micro, Portable Outdoor Speaker, (Wireless Bluetooth Connectivity), Black",99,1
20201205_115839,https://www.amazon.com/Bose-SoundLink-Color-Bluetooth-speaker/dp/B01HETFPTU,Bose SoundLink Color,Bose SoundLink Color Bluetooth Speaker II - Coral Red,129,1
20201205_120016,https://www.amazon.com/Kindle-Now-with-Built-in-Front-Light/dp/B07978J597,Kindle Reader,"Kindle - Now with a Built-in Front Light - Black - Ad-Supported (2019 release, 9th Gen)",89,0
20201205_120020,https://www.amazon.com/Apple-AirPods-Charging-Latest-Model/dp/B07PXGQC1Q,Airpods,Apple AirPods with Charging Case (Wired),128,0
20201205_120023,https://www.amazon.com/dp/B08J5MK16F/ref=fs_a_wt2_us1?th=1,Apple Watch Series 6,"New Apple Watch Series 6 (GPS, 44mm) - Space Gray Aluminum Case with Black Sport Band",414,0
20201205_120028,https://www.amazon.com/Bose-SoundLink-Micro-Bluetooth-speaker/dp/B0748N1BZD,Bose SoundLink Micro,"Bose SoundLink Micro, Portable Outdoor Speaker, (Wireless Bluetooth Connectivity), Black",99,0
20201205_120032,https://www.amazon.com/Bose-SoundLink-Color-Bluetooth-speaker/dp/B01HETFPTU,Bose SoundLink Color,Bose SoundLink Color Bluetooth Speaker II - Coral Red,129,0
20201205_120312,https://www.amazon.com/Kindle-Now-with-Built-in-Front-Light/dp/B07978J597,Kindle Reader,"Kindle - Now with a Built-in Front Light - Black - Ad-Supported (2019 release, 9th Gen)",60,0
20201205_120315,https://www.amazon.com/Apple-AirPods-Charging-Latest-Model/dp/B07PXGQC1Q,Airpods,Apple AirPods with Charging Case (Wired),128,0
20201205_120319,https://www.amazon.com/dp/B08J5MK16F/ref=fs_a_wt2_us1?th=1,Apple Watch Series 6,"New Apple Watch Series 6 (GPS, 44mm) - Space Gray Aluminum Case with Black Sport Band",414,0
20201205_120323,https://www.amazon.com/Bose-SoundLink-Micro-Bluetooth-speaker/dp/B0748N1BZD,Bose SoundLink Micro,"Bose SoundLink Micro, Portable Outdoor Speaker, (Wireless Bluetooth Connectivity), Black",99,0
20201205_120329,https://www.amazon.com/Bose-SoundLink-Color-Bluetooth-speaker/dp/B01HETFPTU,Bose SoundLink Color,Bose SoundLink Color Bluetooth Speaker II - Coral Red,129,0
20201205_120439,https://www.amazon.com/Kindle-Now-with-Built-in-Front-Light/dp/B07978J597,Kindle Reader,"Kindle - Now with a Built-in Front Light - Black - Ad-Supported (2019 release, 9th Gen)",89,1
20201205_120442,https://www.amazon.com/Apple-AirPods-Charging-Latest-Model/dp/B07PXGQC1Q,Airpods,Apple AirPods with Charging Case (Wired),Not Found,1
20201205_120444,https://www.amazon.com/dp/B08J5MK16F/ref=fs_a_wt2_us1?th=1,Apple Watch Series 6,"New Apple Watch Series 6 (GPS, 44mm) - Space Gray Aluminum Case with Black Sport Band",414,0
20201205_120450,https://www.amazon.com/Bose-SoundLink-Micro-Bluetooth-speaker/dp/B0748N1BZD,Bose SoundLink Micro,"Bose SoundLink Micro, Portable Outdoor Speaker, (Wireless Bluetooth Connectivity), Black",99,0
20201205_120455,https://www.amazon.com/Bose-SoundLink-Color-Bluetooth-speaker/dp/B01HETFPTU,Bose SoundLink Color,Bose SoundLink Color Bluetooth Speaker II - Coral Red,129,0
20201205_121058,https://www.amazon.com/Kindle-Now-with-Built-in-Front-Light/dp/B07978J597,Kindle Reader,"Kindle - Now with a Built-in Front Light - Black - Ad-Supported (2019 release, 9th Gen)",89,0
20201205_121104,https://www.amazon.com/Apple-AirPods-Charging-Latest-Model/dp/B07PXGQC1Q,Airpods,Apple AirPods with Charging Case (Wired),Not Found,0
20201205_121106,https://www.amazon.com/dp/B08J5MK16F/ref=fs_a_wt2_us1?th=1,Apple Watch Series 6,"New Apple Watch Series 6 (GPS, 44mm) - Space Gray Aluminum Case with Black Sport Band",414,0
20201205_121111,https://www.amazon.com/Bose-SoundLink-Micro-Bluetooth-speaker/dp/B0748N1BZD,Bose SoundLink Micro,"Bose SoundLink Micro, Portable Outdoor Speaker, (Wireless Bluetooth Connectivity), Black",99,0
20201205_121116,https://www.amazon.com/Bose-SoundLink-Color-Bluetooth-speaker/dp/B01HETFPTU,Bose SoundLink Color,Bose SoundLink Color Bluetooth Speaker II - Coral Red,129,0
20201205_121138,https://www.amazon.com/Kindle-Now-with-Built-in-Front-Light/dp/B07978J597,Kindle Reader,"Kindle - Now with a Built-in Front Light - Black - Ad-Supported (2019 release, 9th Gen)",89,0
20201205_121143,https://www.amazon.com/Apple-AirPods-Charging-Latest-Model/dp/B07PXGQC1Q,Airpods,Not Found,Not Found,0
20201205_121147,https://www.amazon.com/dp/B08J5MK16F/ref=fs_a_wt2_us1?th=1,Apple Watch Series 6,Not Found,Not Found,1
20201205_121150,https://www.amazon.com/Bose-SoundLink-Micro-Bluetooth-speaker/dp/B0748N1BZD,Bose SoundLink Micro,"Bose SoundLink Micro, Portable Outdoor Speaker, (Wireless Bluetooth Connectivity), Black",99,0
20201205_121155,https://www.amazon.com/Bose-SoundLink-Color-Bluetooth-speaker/dp/B01HETFPTU,Bose SoundLink Color,Bose SoundLink Color Bluetooth Speaker II - Coral Red,129,0
20201205_121220,https://www.amazon.com/Kindle-Now-with-Built-in-Front-Light/dp/B07978J597,Kindle Reader,"Kindle - Now with a Built-in Front Light - Black - Ad-Supported (2019 release, 9th Gen)",89,0
20201205_121225,https://www.amazon.com/Apple-AirPods-Charging-Latest-Model/dp/B07PXGQC1Q,Airpods,Apple AirPods with Charging Case (Wired),Not Found,0
20201205_121227,https://www.amazon.com/dp/B08J5MK16F/ref=fs_a_wt2_us1?th=1,Apple Watch Series 6,"New Apple Watch Series 6 (GPS, 44mm) - Space Gray Aluminum Case with Black Sport Band",414,0
20201205_121229,https://www.amazon.com/Bose-SoundLink-Micro-Bluetooth-speaker/dp/B0748N1BZD,Bose SoundLink Micro,Not Found,Not Found,1
20201205_121233,https://www.amazon.com/Bose-SoundLink-Color-Bluetooth-speaker/dp/B01HETFPTU,Bose SoundLink Color,Not Found,Not Found,1
20201205_121354,https://www.amazon.com/Kindle-Now-with-Built-in-Front-Light/dp/B07978J597,Kindle Reader,Not Found,Not Found,1
20201205_121358,https://www.amazon.com/Apple-AirPods-Charging-Latest-Model/dp/B07PXGQC1Q,Airpods,Not Found,Not Found,0
20201205_121403,https://www.amazon.com/dp/B08J5MK16F/ref=fs_a_wt2_us1?th=1,Apple Watch Series 6,Not Found,Not Found,1
20201205_121406,https://www.amazon.com/Bose-SoundLink-Micro-Bluetooth-speaker/dp/B0748N1BZD,Bose SoundLink Micro,Not Found,Not Found,0
20201205_121414,https://www.amazon.com/Bose-SoundLink-Color-Bluetooth-speaker/dp/B01HETFPTU,Bose SoundLink Color,Not Found,Not Found,0
20201205_121727,https://www.amazon.com/Kindle-Now-with-Built-in-Front-Light/dp/B07978J597,Kindle Reader,Not Found,Not Found,0
20201205_121736,https://www.amazon.com/Apple-AirPods-Charging-Latest-Model/dp/B07PXGQC1Q,Airpods,Not Found,Not Found,0
20201205_121744,https://www.amazon.com/dp/B08J5MK16F/ref=fs_a_wt2_us1?th=1,Apple Watch Series 6,Not Found,Not Found,0
20201205_121754,https://www.amazon.com/Bose-SoundLink-Micro-Bluetooth-speaker/dp/B0748N1BZD,Bose SoundLink Micro,Not Found,Not Found,0
20201205_121804,https://www.amazon.com/Bose-SoundLink-Color-Bluetooth-speaker/dp/B01HETFPTU,Bose SoundLink Color,Not Found,Not Found,0
20201205_121831,https://www.amazon.com/Kindle-Now-with-Built-in-Front-Light/dp/B07978J597,Kindle Reader,Not Found,Not Found,0
20201205_121837,https://www.amazon.com/Apple-AirPods-Charging-Latest-Model/dp/B07PXGQC1Q,Airpods,Not Found,Not Found,0
20201205_121845,https://www.amazon.com/dp/B08J5MK16F/ref=fs_a_wt2_us1?th=1,Apple Watch Series 6,Not Found,Not Found,0
20201205_121855,https://www.amazon.com/Bose-SoundLink-Micro-Bluetooth-speaker/dp/B0748N1BZD,Bose SoundLink Micro,Not Found,Not Found,0
20201205_121858,https://www.amazon.com/Bose-SoundLink-Color-Bluetooth-speaker/dp/B01HETFPTU,Bose SoundLink Color,Not Found,Not Found,0
20201205_122021,https://www.amazon.com/Kindle-Now-with-Built-in-Front-Light/dp/B07978J597,Kindle Reader,Not Found,Not Found,0
20201205_122025,https://www.amazon.com/Apple-AirPods-Charging-Latest-Model/dp/B07PXGQC1Q,Airpods,Not Found,Not Found,0
20201205_122030,https://www.amazon.com/dp/B08J5MK16F/ref=fs_a_wt2_us1?th=1,Apple Watch Series 6,Not Found,Not Found,0
20201205_122035,https://www.amazon.com/Bose-SoundLink-Micro-Bluetooth-speaker/dp/B0748N1BZD,Bose SoundLink Micro,Not Found,Not Found,0
20201205_122040,https://www.amazon.com/Bose-SoundLink-Color-Bluetooth-speaker/dp/B01HETFPTU,Bose SoundLink Color,Not Found,Not Found,0
20201210_103002,https://www.amazon.com/Kindle-Now-with-Built-in-Front-Light/dp/B07978J597,Kindle Reader,"Kindle - Now with a Built-in Front Light - Black - Ad-Supported (2019 release, 10th Gen)",89,0
20201210_103012,https://www.amazon.com/Apple-AirPods-Charging-Latest-Model/dp/B07PXGQC1Q,Airpods,Apple AirPods with Charging Case (Wired),128,0
20201210_103023,https://www.amazon.com/dp/B08J5MK16F/ref=fs_a_wt2_us1?th=1,Apple Watch Series 6,"New Apple Watch Series 6 (GPS, 44mm) - Space Gray Aluminum Case with Black Sport Band",399,0
20201210_103030,https://www.amazon.com/Bose-SoundLink-Micro-Bluetooth-speaker/dp/B0748N1BZD,Bose SoundLink Micro,"Bose SoundLink Micro, Portable Outdoor Speaker, (Wireless Bluetooth Connectivity), Black",99,0
20201210_103041,https://www.amazon.com/Bose-SoundLink-Color-Bluetooth-speaker/dp/B01HETFPTU,Bose SoundLink Color,Bose SoundLink Color Bluetooth Speaker II - Coral Red,99,0
20201211_103002,https://www.amazon.com/Kindle-Now-with-Built-in-Front-Light/dp/B07978J597,Kindle Reader,"Kindle - Now with a Built-in Front Light - Black - Ad-Supported (2019 release, 10th Gen)",89,0
20201211_103012,https://www.amazon.com/Apple-AirPods-Charging-Latest-Model/dp/B07PXGQC1Q,Airpods,Apple AirPods with Charging Case (Wired),128,0
20201211_103018,https://www.amazon.com/dp/B08J5MK16F/ref=fs_a_wt2_us1?th=1,Apple Watch Series 6,"New Apple Watch Series 6 (GPS, 44mm) - Space Gray Aluminum Case with Black Sport Band",409,1
20201211_103024,https://www.amazon.com/Bose-SoundLink-Micro-Bluetooth-speaker/dp/B0748N1BZD,Bose SoundLink Micro,"Bose SoundLink Micro, Portable Outdoor Speaker, (Wireless Bluetooth Connectivity), Black",99,0
20201211_103029,https://www.amazon.com/Bose-SoundLink-Color-Bluetooth-speaker/dp/B01HETFPTU,Bose SoundLink Color,Bose SoundLink Color Bluetooth Speaker II - Coral Red,99,0
20201211_200110,https://www.amazon.com/Kindle-Now-with-Built-in-Front-Light/dp/B07978J597,Kindle Reader,"Kindle - Now with a Built-in Front Light - Black - Ad-Supported (2019 release, 10th Gen)",89,0
20201211_200122,https://www.amazon.com/Apple-AirPods-Charging-Latest-Model/dp/B07PXGQC1Q,Airpods,Apple AirPods with Charging Case (Wired),128,0
20201211_200126,https://www.amazon.com/dp/B08J5MK16F/ref=fs_a_wt2_us1?th=1,Apple Watch Series 6,"New Apple Watch Series 6 (GPS, 44mm) - Space Gray Aluminum Case with Black Sport Band",409,0
20201211_200131,https://www.amazon.com/Bose-SoundLink-Micro-Bluetooth-speaker/dp/B0748N1BZD,Bose SoundLink Micro,"Bose SoundLink Micro, Portable Outdoor Speaker, (Wireless Bluetooth Connectivity), Black",99,0
20201211_200135,https://www.amazon.com/Bose-SoundLink-Color-Bluetooth-speaker/dp/B01HETFPTU,Bose SoundLink Color,Bose SoundLink Color Bluetooth Speaker II - Coral Red,99,0
20201211_200517,https://www.amazon.com/Kindle-Now-with-Built-in-Front-Light/dp/B07978J597,Kindle Reader,"Kindle - Now with a Built-in Front Light - Black - Ad-Supported (2019 release, 10th Gen)",89,0
20201211_200524,https://www.amazon.com/Apple-AirPods-Charging-Latest-Model/dp/B07PXGQC1Q,Airpods,Apple AirPods with Charging Case (Wired),128,0
20201211_200533,https://www.amazon.com/dp/B08J5MK16F/ref=fs_a_wt2_us1?th=1,Apple Watch Series 6,"New Apple Watch Series 6 (GPS, 44mm) - Space Gray Aluminum Case with Black Sport Band",409,0
20201211_200540,https://www.amazon.com/Bose-SoundLink-Micro-Bluetooth-speaker/dp/B0748N1BZD,Bose SoundLink Micro,"Bose SoundLink Micro, Portable Outdoor Speaker, (Wireless Bluetooth Connectivity), Black",99,0
20201211_200550,https://www.amazon.com/Bose-SoundLink-Color-Bluetooth-speaker/dp/B01HETFPTU,Bose SoundLink Color,Bose SoundLink Color Bluetooth Speaker II - Coral Red,99,0
20201211_200559,https://www.amazon.com/Bose-Speaker-Alexa-control-built/dp/B07FDF9B46/ref=sr_1_2?crid=3NGCQADMHK2DY&dchild=1&keywords=bose+home+speaker+500&qid=1607738589&sprefix=bose+home+spea%2Caps%2C176&sr=8-2,Bose HomeSpeaker 500,"Bose Home Speaker 500 with Alexa Voice Control Built-in, Black",299,0
20201212_103002,https://www.amazon.com/Kindle-Now-with-Built-in-Front-Light/dp/B07978J597,Kindle Reader,"Kindle - Now with a Built-in Front Light - Black - Ad-Supported (2019 release, 10th Gen)",89,0
20201212_103012,https://www.amazon.com/Apple-AirPods-Charging-Latest-Model/dp/B07PXGQC1Q,Airpods,Apple AirPods with Charging Case (Wired),128,0
20201212_103024,https://www.amazon.com/dp/B08J5MK16F/ref=fs_a_wt2_us1?th=1,Apple Watch Series 6,"New Apple Watch Series 6 (GPS, 44mm) - Space Gray Aluminum Case with Black Sport Band",409,0
20201212_103034,https://www.amazon.com/Bose-SoundLink-Micro-Bluetooth-speaker/dp/B0748N1BZD,Bose SoundLink Micro,"Bose SoundLink Micro, Portable Outdoor Speaker, (Wireless Bluetooth Connectivity), Black",99,0
20201212_103044,https://www.amazon.com/Bose-SoundLink-Color-Bluetooth-speaker/dp/B01HETFPTU,Bose SoundLink Color,Bose SoundLink Color Bluetooth Speaker II - Coral Red,99,0
20201212_103049,https://www.amazon.com/Bose-Speaker-Alexa-control-built/dp/B07FDF9B46/ref=sr_1_2?crid=3NGCQADMHK2DY&dchild=1&keywords=bose+home+speaker+500&qid=1607738589&sprefix=bose+home+spea%2Caps%2C176&sr=8-2,Bose HomeSpeaker 500,"Bose Home Speaker 500 with Alexa Voice Control Built-in, Black",299,0
20201212_133004,https://www.amazon.com/Kindle-Now-with-Built-in-Front-Light/dp/B07978J597,Kindle Reader,"Kindle - Now with a Built-in Front Light - Black - Ad-Supported (2019 release, 10th Gen)",89,0
20201212_133015,https://www.amazon.com/Apple-AirPods-Charging-Latest-Model/dp/B07PXGQC1Q,Airpods,Apple AirPods with Charging Case (Wired),128,0
20201212_133019,https://www.amazon.com/dp/B08J5MK16F/ref=fs_a_wt2_us1?th=1,Apple Watch Series 6,"New Apple Watch Series 6 (GPS, 44mm) - Space Gray Aluminum Case with Black Sport Band",409,0
20201212_133026,https://www.amazon.com/Bose-SoundLink-Micro-Bluetooth-speaker/dp/B0748N1BZD,Bose SoundLink Micro,"Bose SoundLink Micro, Portable Outdoor Speaker, (Wireless Bluetooth Connectivity), Black",99,0
20201212_133240,https://www.amazon.com/Bose-SoundLink-Color-Bluetooth-speaker/dp/B01HETFPTU,Bose SoundLink Color,Bose SoundLink Color Bluetooth Speaker II - Coral Red,99,0
20201212_133245,https://www.amazon.com/Bose-Speaker-Alexa-control-built/dp/B07FDF9B46/ref=sr_1_2?crid=3NGCQADMHK2DY&dchild=1&keywords=bose+home+speaker+500&qid=1607738589&sprefix=bose+home+spea%2Caps%2C176&sr=8-2,Bose HomeSpeaker 500,"Bose Home Speaker 500 with Alexa Voice Control Built-in, Black",299,0
20201212_133305,https://www.amazon.com/Kindle-Now-with-Built-in-Front-Light/dp/B07978J597,Kindle Reader,"Kindle - Now with a Built-in Front Light - Black - Ad-Supported (2019 release, 10th Gen)",89,0
20201212_133315,https://www.amazon.com/Apple-AirPods-Charging-Latest-Model/dp/B07PXGQC1Q,Airpods,Apple AirPods with Charging Case (Wired),128,0
20201212_133325,https://www.amazon.com/dp/B08J5MK16F/ref=fs_a_wt2_us1?th=1,Apple Watch Series 6,"New Apple Watch Series 6 (GPS, 44mm) - Space Gray Aluminum Case with Black Sport Band",409,0
20201212_133329,https://www.amazon.com/Bose-SoundLink-Micro-Bluetooth-speaker/dp/B0748N1BZD,Bose SoundLink Micro,"Bose SoundLink Micro, Portable Outdoor Speaker, (Wireless Bluetooth Connectivity), Black",99,0
20201212_133334,https://www.amazon.com/Bose-SoundLink-Color-Bluetooth-speaker/dp/B01HETFPTU,Bose SoundLink Color,Bose SoundLink Color Bluetooth Speaker II - Coral Red,99,0
20201212_133346,https://www.amazon.com/Bose-Speaker-Alexa-control-built/dp/B07FDF9B46/ref=sr_1_2?crid=3NGCQADMHK2DY&dchild=1&keywords=bose+home+speaker+500&qid=1607738589&sprefix=bose+home+spea%2Caps%2C176&sr=8-2,Bose HomeSpeaker 500,"Bose Home Speaker 500 with Alexa Voice Control Built-in, Black",299,0
20201212_134108,https://www.amazon.com/Kindle-Now-with-Built-in-Front-Light/dp/B07978J597,Kindle Reader,"Kindle - Now with a Built-in Front Light - Black - Ad-Supported (2019 release, 10th Gen)",89,0
20201212_134120,https://www.amazon.com/Apple-AirPods-Charging-Latest-Model/dp/B07PXGQC1Q,Airpods,Apple AirPods with Charging Case (Wired),128,0
20201212_134124,https://www.amazon.com/dp/B08J5MK16F/ref=fs_a_wt2_us1?th=1,Apple Watch Series 6,"New Apple Watch Series 6 (GPS, 44mm) - Space Gray Aluminum Case with Black Sport Band",409,0
20201212_134136,https://www.amazon.com/Bose-SoundLink-Micro-Bluetooth-speaker/dp/B0748N1BZD,Bose SoundLink Micro,"Bose SoundLink Micro, Portable Outdoor Speaker, (Wireless Bluetooth Connectivity), Black",99,0
20201212_134141,https://www.amazon.com/Bose-SoundLink-Color-Bluetooth-speaker/dp/B01HETFPTU,Bose SoundLink Color,Bose SoundLink Color Bluetooth Speaker II - Coral Red,99,0
20201212_134152,https://www.amazon.com/Bose-Speaker-Alexa-control-built/dp/B07FDF9B46/ref=sr_1_2?crid=3NGCQADMHK2DY&dchild=1&keywords=bose+home+speaker+500&qid=1607738589&sprefix=bose+home+spea%2Caps%2C176&sr=8-2,Bose HomeSpeaker 500,"Bose Home Speaker 500 with Alexa Voice Control Built-in, Black",299,0
20201212_134951,https://www.amazon.com/Kindle-Now-with-Built-in-Front-Light/dp/B07978J597,Kindle Reader,"Kindle - Now with a Built-in Front Light - Black - Ad-Supported (2019 release, 10th Gen)",89,0
20201212_134956,https://www.amazon.com/Apple-AirPods-Charging-Latest-Model/dp/B07PXGQC1Q,Airpods,Apple AirPods with Charging Case (Wired),128,0
20201212_135005,https://www.amazon.com/dp/B08J5MK16F/ref=fs_a_wt2_us1?th=1,Apple Watch Series 6,"New Apple Watch Series 6 (GPS, 44mm) - Space Gray Aluminum Case with Black Sport Band",409,0
20201212_135010,https://www.amazon.com/Bose-SoundLink-Micro-Bluetooth-speaker/dp/B0748N1BZD,Bose SoundLink Micro,"Bose SoundLink Micro, Portable Outdoor Speaker, (Wireless Bluetooth Connectivity), Black",99,0
20201212_135016,https://www.amazon.com/Bose-SoundLink-Color-Bluetooth-speaker/dp/B01HETFPTU,Bose SoundLink Color,Bose SoundLink Color Bluetooth Speaker II - Coral Red,99,0
20201212_135028,https://www.amazon.com/Bose-Speaker-Alexa-control-built/dp/B07FDF9B46/ref=sr_1_2?crid=3NGCQADMHK2DY&dchild=1&keywords=bose+home+speaker+500&qid=1607738589&sprefix=bose+home+spea%2Caps%2C176&sr=8-2,Bose HomeSpeaker 500,"Bose Home Speaker 500 with Alexa Voice Control Built-in, Black",299,0
20201212_135910,https://www.amazon.com/Kindle-Now-with-Built-in-Front-Light/dp/B07978J597,Kindle Reader,"Kindle - Now with a Built-in Front Light - Black - Ad-Supported (2019 release, 10th Gen)",89,0
20201212_135915,https://www.amazon.com/Apple-AirPods-Charging-Latest-Model/dp/B07PXGQC1Q,Airpods,Apple AirPods with Charging Case (Wired),128,0
20201212_135922,https://www.amazon.com/dp/B08J5MK16F/ref=fs_a_wt2_us1?th=1,Apple Watch Series 6,"New Apple Watch Series 6 (GPS, 44mm) - Space Gray Aluminum Case with Black Sport Band",409,0
20201212_135928,https://www.amazon.com/Bose-SoundLink-Micro-Bluetooth-speaker/dp/B0748N1BZD,Bose SoundLink Micro,"Bose SoundLink Micro, Portable Outdoor Speaker, (Wireless Bluetooth Connectivity), Black",99,0
20201212_135938,https://www.amazon.com/Bose-SoundLink-Color-Bluetooth-speaker/dp/B01HETFPTU,Bose SoundLink Color,Bose SoundLink Color Bluetooth Speaker II - Coral Red,99,0
20201212_135950,https://www.amazon.com/Bose-Speaker-Alexa-control-built/dp/B07FDF9B46/ref=sr_1_2?crid=3NGCQADMHK2DY&dchild=1&keywords=bose+home+speaker+500&qid=1607738589&sprefix=bose+home+spea%2Caps%2C176&sr=8-2,Bose HomeSpeaker 500,"Bose Home Speaker 500 with Alexa Voice Control Built-in, Black",299,0
20201212_180505,https://www.amazon.com/Kindle-Now-with-Built-in-Front-Light/dp/B07978J597,Kindle Reader,"Kindle - Now with a Built-in Front Light - Black - Ad-Supported (2019 release, 10th Gen)",89,0
20201212_180517,https://www.amazon.com/Apple-AirPods-Charging-Latest-Model/dp/B07PXGQC1Q,Airpods,Apple AirPods with Charging Case (Wired),128,0
20201212_180521,https://www.amazon.com/dp/B08J5MK16F/ref=fs_a_wt2_us1?th=1,Apple Watch Series 6,"New Apple Watch Series 6 (GPS, 44mm) - Space Gray Aluminum Case with Black Sport Band",409,0
20201212_180525,https://www.amazon.com/Bose-SoundLink-Micro-Bluetooth-speaker/dp/B0748N1BZD,Bose SoundLink Micro,"Bose SoundLink Micro, Portable Outdoor Speaker, (Wireless Bluetooth Connectivity), Black",99,0
20201212_180535,https://www.amazon.com/Bose-SoundLink-Color-Bluetooth-speaker/dp/B01HETFPTU,Bose SoundLink Color,Bose SoundLink Color Bluetooth Speaker II - Coral Red,99,0
20201212_180540,https://www.amazon.com/Bose-Speaker-Alexa-control-built/dp/B07FDF9B46/ref=sr_1_2?crid=3NGCQADMHK2DY&dchild=1&keywords=bose+home+speaker+500&qid=1607738589&sprefix=bose+home+spea%2Caps%2C176&sr=8-2,Bose HomeSpeaker 500,"Bose Home Speaker 500 with Alexa Voice Control Built-in, Black",299,0
20201212_180625,https://www.amazon.com/Kindle-Now-with-Built-in-Front-Light/dp/B07978J597,Kindle Reader,"Kindle - Now with a Built-in Front Light - Black - Ad-Supported (2019 release, 10th Gen)",89,0
20201212_180632,https://www.amazon.com/Apple-AirPods-Charging-Latest-Model/dp/B07PXGQC1Q,Airpods,Apple AirPods with Charging Case (Wired),128,0
20201212_180644,https://www.amazon.com/dp/B08J5MK16F/ref=fs_a_wt2_us1?th=1,Apple Watch Series 6,"New Apple Watch Series 6 (GPS, 44mm) - Space Gray Aluminum Case with Black Sport Band",409,0
20201212_180648,https://www.amazon.com/Bose-SoundLink-Micro-Bluetooth-speaker/dp/B0748N1BZD,Bose SoundLink Micro,"Bose SoundLink Micro, Portable Outdoor Speaker, (Wireless Bluetooth Connectivity), Black",99,0
20201212_180657,https://www.amazon.com/Bose-SoundLink-Color-Bluetooth-speaker/dp/B01HETFPTU,Bose SoundLink Color,Bose SoundLink Color Bluetooth Speaker II - Coral Red,99,0
20201212_180707,https://www.amazon.com/Bose-Speaker-Alexa-control-built/dp/B07FDF9B46/ref=sr_1_2?crid=3NGCQADMHK2DY&dchild=1&keywords=bose+home+speaker+500&qid=1607738589&sprefix=bose+home+spea%2Caps%2C176&sr=8-2,Bose HomeSpeaker 500,"Bose Home Speaker 500 with Alexa Voice Control Built-in, Black",299,0
20201212_180757,https://www.amazon.com/Kindle-Now-with-Built-in-Front-Light/dp/B07978J597,Kindle Reader,"Kindle - Now with a Built-in Front Light - Black - Ad-Supported (2019 release, 10th Gen)",89,0
20201212_180809,https://www.amazon.com/Apple-AirPods-Charging-Latest-Model/dp/B07PXGQC1Q,Airpods,Apple AirPods with Charging Case (Wired),128,0
20201212_180818,https://www.amazon.com/dp/B08J5MK16F/ref=fs_a_wt2_us1?th=1,Apple Watch Series 6,"New Apple Watch Series 6 (GPS, 44mm) - Space Gray Aluminum Case with Black Sport Band",409,0
20201212_180828,https://www.amazon.com/Bose-SoundLink-Micro-Bluetooth-speaker/dp/B0748N1BZD,Bose SoundLink Micro,"Bose SoundLink Micro, Portable Outdoor Speaker, (Wireless Bluetooth Connectivity), Black",99,0
20201212_180832,https://www.amazon.com/Bose-SoundLink-Color-Bluetooth-speaker/dp/B01HETFPTU,Bose SoundLink Color,Bose SoundLink Color Bluetooth Speaker II - Coral Red,99,0
20201212_180844,https://www.amazon.com/Bose-Speaker-Alexa-control-built/dp/B07FDF9B46/ref=sr_1_2?crid=3NGCQADMHK2DY&dchild=1&keywords=bose+home+speaker+500&qid=1607738589&sprefix=bose+home+spea%2Caps%2C176&sr=8-2,Bose HomeSpeaker 500,"Bose Home Speaker 500 with Alexa Voice Control Built-in, Black",299,0
20201213_130800,https://www.amazon.com/Kindle-Now-with-Built-in-Front-Light/dp/B07978J597,Kindle Reader,"Kindle - Now with a Built-in Front Light - Black - Ad-Supported (2019 release, 10th Gen)",89,0
20201213_130810,https://www.amazon.com/Apple-AirPods-Charging-Latest-Model/dp/B07PXGQC1Q,Airpods,Apple AirPods with Charging Case (Wired),124,1
20201213_130817,https://www.amazon.com/dp/B08J5MK16F/ref=fs_a_wt2_us1?th=1,Apple Watch Series 6,"New Apple Watch Series 6 (GPS, 44mm) - Space Gray Aluminum Case with Black Sport Band",379,1
20201213_130826,https://www.amazon.com/Bose-SoundLink-Micro-Bluetooth-speaker/dp/B0748N1BZD,Bose SoundLink Micro,"Bose SoundLink Micro, Portable Outdoor Speaker, (Wireless Bluetooth Connectivity), Black",99,0
20201213_130836,https://www.amazon.com/Bose-SoundLink-Color-Bluetooth-speaker/dp/B01HETFPTU,Bose SoundLink Color,Bose SoundLink Color Bluetooth Speaker II - Coral Red,99,0
20201213_130848,https://www.amazon.com/Bose-Speaker-Alexa-control-built/dp/B07FDF9B46/ref=sr_1_2?crid=3NGCQADMHK2DY&dchild=1&keywords=bose+home+speaker+500&qid=1607738589&sprefix=bose+home+spea%2Caps%2C176&sr=8-2,Bose HomeSpeaker 500,"Bose Home Speaker 500 with Alexa Voice Control Built-in, Black",299,0
20201213_163306,https://www.amazon.com/Kindle-Now-with-Built-in-Front-Light/dp/B07978J597,Kindle Reader,"Kindle - Now with a Built-in Front Light - Black - Ad-Supported (2019 release, 10th Gen)",89,0
20201213_163311,https://www.amazon.com/Apple-AirPods-Charging-Latest-Model/dp/B07PXGQC1Q,Airpods,Apple AirPods with Charging Case (Wired),124,0
20201213_163317,https://www.amazon.com/dp/B08J5MK16F/ref=fs_a_wt2_us1?th=1,Apple Watch Series 6,"New Apple Watch Series 6 (GPS, 44mm) - Space Gray Aluminum Case with Black Sport Band",379,0
20201213_163327,https://www.amazon.com/Bose-SoundLink-Micro-Bluetooth-speaker/dp/B0748N1BZD,Bose SoundLink Micro,"Bose SoundLink Micro, Portable Outdoor Speaker, (Wireless Bluetooth Connectivity), Black",99,0
20201213_163333,https://www.amazon.com/Bose-SoundLink-Color-Bluetooth-speaker/dp/B01HETFPTU,Bose SoundLink Color,Bose SoundLink Color Bluetooth Speaker II - Coral Red,99,0
20201213_163345,https://www.amazon.com/Bose-Speaker-Alexa-control-built/dp/B07FDF9B46/ref=sr_1_2?crid=3NGCQADMHK2DY&dchild=1&keywords=bose+home+speaker+500&qid=1607738589&sprefix=bose+home+spea%2Caps%2C176&sr=8-2,Bose HomeSpeaker 500,"Bose Home Speaker 500 with Alexa Voice Control Built-in, Black",299,0
20201213_183555,https://www.amazon.com/Kindle-Now-with-Built-in-Front-Light/dp/B07978J597,Kindle Reader,"Kindle - Now with a Built-in Front Light - Black - Ad-Supported (2019 release, 10th Gen)",89,0
20201213_183608,https://www.amazon.com/Apple-AirPods-Charging-Latest-Model/dp/B07PXGQC1Q,Airpods,Apple AirPods with Charging Case (Wired),124,0
20201213_183619,https://www.amazon.com/dp/B08J5MK16F/ref=fs_a_wt2_us1?th=1,Apple Watch Series 6,"New Apple Watch Series 6 (GPS, 44mm) - Space Gray Aluminum Case with Black Sport Band",379,0
20201213_183624,https://www.amazon.com/Bose-SoundLink-Micro-Bluetooth-speaker/dp/B0748N1BZD,Bose SoundLink Micro,"Bose SoundLink Micro, Portable Outdoor Speaker, (Wireless Bluetooth Connectivity), Black",99,0
20201213_183628,https://www.amazon.com/Bose-SoundLink-Color-Bluetooth-speaker/dp/B01HETFPTU,Bose SoundLink Color,Bose SoundLink Color Bluetooth Speaker II - Coral Red,99,0
20201213_183638,https://www.amazon.com/Bose-Speaker-Alexa-control-built/dp/B07FDF9B46/ref=sr_1_2?crid=3NGCQADMHK2DY&dchild=1&keywords=bose+home+speaker+500&qid=1607738589&sprefix=bose+home+spea%2Caps%2C176&sr=8-2,Bose HomeSpeaker 500,"Bose Home Speaker 500 with Alexa Voice Control Built-in, Black",299,0
